date,RV,BPV,RQ,TQ,RS_neg,RS_pos,Z,J_flag,C,J,n_bars,r_d,close
2025-03-19 00:00:00+00:00,0.0005745845612611376,0.00046053880094812545,1.1028020756680069e-06,3.8770861800158987e-07,0.00017181570146313678,0.00040276885979800077,1.8335555599190216,0,0.0005745845612611376,0.0,95,0.05081877218878539,79618.0
2025-03-20 00:00:00+00:00,0.0006347203967292459,0.0007102138964109202,4.473424522210648e-07,9.268922181215702e-07,0.0003727067525373078,0.0002620136441919381,-1.101617557507393,0,0.0006347203967292459,0.0,96,-0.026123903423625805,77565.0
2025-03-21 00:00:00+00:00,0.0002805653681419826,0.0003062646204791076,8.669188236600735e-08,1.0193316072388374e-07,0.00014978321408274495,0.0001307821540592376,-1.1032011563144344,0,0.0002805653681419826,0.0,96,0.001648868708860718,77693.0
2025-03-22 00:00:00+00:00,5.3521106269021284e-05,5.47893538967938e-05,3.3506308724989168e-09,2.9670971834719654e-09,3.0178725181681145e-05,2.3342381087340146e-05,-0.29596091444811934,0,5.3521106269021284e-05,0.0,95,-0.002577553525830112,77493.0
2025-03-23 00:00:00+00:00,0.0001470817277667297,0.0001393329249449482,3.151409191281679e-08,2.8429017851079695e-08,4.5954955733981554e-05,0.00010112677203274815,0.5466104250368056,0,0.0001470817277667297,0.0,96,0.02490252297325668,79447.0
2025-03-24 00:00:00+00:00,0.0004170429833591636,0.00040384031240582857,2.1772906329515024e-07,1.488651810760255e-07,0.00016637379094813678,0.0002506691924110268,0.3974753297144324,0,0.0004170429833591636,0.0,96,0.01961824765724174,81021.0
2025-03-25 00:00:00+00:00,0.00034726009891712764,0.0003986263431241954,1.1624196183334984e-07,2.0712640099408943e-07,0.00016655639055586155,0.00018070370836126604,-1.6266734974125765,0,0.00034726009891712764,0.0,96,0.0004442305629641652,81057.0
2025-03-26 00:00:00+00:00,0.00038667259743259115,0.00034158987838306306,5.183795543299204e-07,1.217945165874583e-07,0.00023187738612234107,0.00015479521131025006,1.4328048034688516,0,0.00038667259743259115,0.0,96,-0.0014444714450689844,80940.0
2025-03-27 00:00:00+00:00,0.0003104127205807252,0.0003193099573437659,2.0160979318428894e-07,1.6306167701003964e-07,0.00016396237066713812,0.00014645034991358716,-0.2845649091107533,0,0.0003104127205807252,0.0,96,-0.002263493795579663,80757.0
2025-03-28 00:00:00+00:00,0.0003720607546172463,0.0003749833721199005,1.7679237681036973e-07,1.352056966318351e-07,0.00024813009014895503,0.00012393066446829125,-0.09862506798919055,0,0.0003720607546172463,0.0,96,-0.03504355861723063,77976.0
2025-03-29 00:00:00+00:00,0.000359688593940058,0.0003944936538208211,2.0525215198932118e-07,3.007024313509753e-07,0.00023707207435533716,0.00012261651958472077,-0.8740101331722733,0,0.000359688593940058,0.0,96,-0.02081113813461677,76370.0
2025-03-30 00:00:00+00:00,0.00022092710097086835,0.0002259116639365319,4.503441337818656e-08,5.779260950808367e-08,0.00010866024104788184,0.00011226685992298651,-0.2430072154962666,0,0.00022092710097086835,0.0,80,-0.003055599825415811,76137.0
2025-03-31 00:00:00+00:00,0.0008039347101979628,0.000972072803067257,9.510675478831509e-07,2.196697926645236e-06,0.00037875411859483504,0.0004251805916031277,-1.7222181306062279,0,0.0008039347101979628,0.0,96,0.0019419774902900144,76285.0
2025-04-01 00:00:00+00:00,0.0005840218298886236,0.0005099995885121288,1.4182511118262665e-06,9.800738587698102e-07,0.00025353427802774625,0.0003304875518608772,0.8197902916098638,0,0.0005840218298886236,0.0,96,0.03340067250427303,78876.0
2025-04-02 00:00:00+00:00,0.0015179950452670864,0.001235583272647995,7.3828402851749184e-06,3.0384595521608147e-06,0.0010594307641142093,0.00045856428115287714,1.6557201363468916,0,0.0015179950452670864,0.0,96,-0.04193141762045549,75637.0
2025-04-03 00:00:00+00:00,0.000833751365732987,0.0009027471887131937,7.820380372403578e-07,1.4570036797993182e-06,0.0004433254054008707,0.0003904259603321163,-0.7770541042295939,0,0.000833751365732987,0.0,96,-0.0042795409499021275,75314.0
2025-04-04 00:00:00+00:00,0.0015467174851660588,0.001413893881622121,4.859889693393958e-06,1.8457108909162428e-06,0.0006676739839930002,0.0008790435011730586,1.078185435266708,0,0.0015467174851660588,0.0,96,0.015611628352544926,76499.0
2025-04-05 00:00:00+00:00,0.00019908586082113437,0.00021401265716733145,3.5238413064061324e-08,5.295234155341678e-08,0.00010112232118144803,9.796353963968638e-05,-0.8754921615987371,0,0.00019908586082113437,0.0,96,-0.004493800756195654,76156.0
2025-04-06 00:00:00+00:00,0.0008060270980310675,0.0008419019663960655,1.4482749528722628e-06,1.5681980692558306e-06,0.000503084341033999,0.0003029427569970685,-0.37372927935791816,0,0.0008060270980310675,0.0,95,-0.06609794148950598,71285.0
2025-04-07 00:00:00+00:00,0.00411960105025874,0.004208756435696572,4.3080353505508016e-05,4.1379456155600093e-05,0.0016996899394430515,0.002419911110815689,-0.17778004971016598,0,0.00411960105025874,0.0,96,0.017245403401542347,72525.0
2025-04-08 00:00:00+00:00,0.0011358501102947264,0.0010480222870609792,1.4387706734124355e-06,1.2338575811996464e-06,0.000688976284977503,0.0004468738253172233,0.9159637646247694,0,0.0011358501102947264,0.0,96,-0.04323787145022884,69456.0
2025-04-09 00:00:00+00:00,0.0035884120279603684,0.0025453257560948627,4.879413928956854e-05,1.0448849388009652e-05,0.0009652736106036767,0.002623138417356692,2.873798149844399,0,0.0035884120279603684,0.0,96,0.0824453264878855,75425.0
2025-04-10 00:00:00+00:00,0.0011074340875880644,0.0010718349200453552,2.850774968775345e-06,2.5250850297044608e-06,0.0008545609921371925,0.000252873095450872,0.27223317677804965,0,0.0011074340875880644,0.0,96,-0.06452349528647794,70712.0
2025-04-11 00:00:00+00:00,0.0013043555253820515,0.0011960931133061035,2.7885139140530555e-06,2.2948032956596233e-06,0.0004777219727632387,0.0008266335526188127,0.8228168398518685,0,0.0013043555253820515,0.0,96,0.03745849839359039,73411.0
2025-04-12 00:00:00+00:00,0.0003589084885064652,0.0003516411090689249,1.6535974456867406e-07,1.5074135096111644e-07,0.00014263720646965112,0.00021627128203681413,0.23025376631106426,0,0.0003589084885064652,0.0,96,0.022986422325185885,75118.0
2025-04-13 00:00:00+00:00,0.0006866111801694544,0.0006284943389932607,8.291862443349288e-07,5.057825292851941e-07,0.00046034822457306876,0.00022626295559638574,0.9391604298067718,0,0.0006866111801694544,0.0,96,-0.017823437527162866,73791.0
2025-04-14 00:00:00+00:00,0.0007184161083104402,0.0005361826181764595,9.305973469339312e-07,3.0184158124537e-07,0.0003381576221409899,0.0003802584861694504,3.108168294916835,1,0.0005361826181764595,0.00018223349013398067,96,0.011252199007731889,74626.0
2025-04-15 00:00:00+00:00,0.00046320712429335977,0.00046568219635807973,5.803426334836653e-07,5.913087944658497e-07,0.00029734767102313105,0.0001658594532702287,-0.04062789121520005,0,0.00046320712429335977,0.0,96,-0.007208401529425146,74090.0
2025-04-16 00:00:00+00:00,0.001025024105695665,0.0011599623591357694,2.5061108646694483e-06,4.648390301574833e-06,0.0005851778646695899,0.00043984624102607516,-0.8892478143732744,0,0.001025024105695665,0.0,96,-0.004897924795194797,73728.0
2025-04-17 00:00:00+00:00,0.00034326190770241603,0.0003492969807653288,1.5424109106279177e-07,1.4181846491049223e-07,0.00017410864414076907,0.000169153263561647,-0.20474559148472538,0,0.00034326190770241603,0.0,96,0.01304389754825408,74696.0
2025-04-18 00:00:00+00:00,6.931010852814433e-05,7.025913341866733e-05,4.828254621322324e-09,5.8307843326221274e-09,3.832733514385359e-05,3.0982773384290734e-05,-0.15817925337637662,0,6.931010852814433e-05,0.0,96,-0.0068241311545858,74188.0
2025-04-19 00:00:00+00:00,8.365774304117961e-05,9.22160151784123e-05,6.712407335729221e-09,9.297483180807005e-09,3.9333011911353825e-05,4.432473112982579e-05,-1.2283801691840865,0,8.365774304117961e-05,0.0,96,0.006422422548601148,74666.0
2025-04-20 00:00:00+00:00,0.00010243105481746156,9.916511337574764e-05,1.3421342079294006e-08,1.0332896878553524e-08,5.070050439580347e-05,5.173055042165809e-05,0.3905294691268254,0,0.00010243105481746156,0.0,96,-0.0031120078770676685,74434.0
2025-04-21 00:00:00+00:00,0.0006187637995279733,0.000616142985874822,7.510913012592631e-07,7.270071774036943e-07,0.0002021849801922136,0.0004165788193357594,0.03822775448164803,0,0.0006187637995279733,0.0,95,0.020662606384229676,75988.0
2025-04-22 00:00:00+00:00,0.000905892048011407,0.000742052034526008,2.3959458968663722e-06,8.260877330121403e-07,0.00017655177282643842,0.0007293402751849685,1.8539328446756795,0,0.000905892048011407,0.0,96,0.08138614667426758,82431.0
2025-04-24 00:00:00+00:00,0.00030452577000855447,0.00032038973569437226,8.857325339927111e-08,1.0213429167675157e-07,0.00017332926429602542,0.00013119650571252905,-0.6540589746023521,0,0.00030452577000855447,0.0,96,-0.00035070110346602235,82677.0
2025-04-25 00:00:00+00:00,0.0005372670891824513,0.0005386859297638793,4.2665907007598955e-07,5.91296609103637e-07,0.0002559921146831149,0.0002812749744993363,-0.023227662046024625,0,0.0005372670891824513,0.0,96,0.007987176309283583,83340.0
2025-04-26 00:00:00+00:00,0.00010733538086610908,9.553023001966021e-05,1.2828767271947631e-08,9.031547113326794e-09,5.639255900489849e-05,5.09428218612106e-05,1.3808860317579053,0,0.00010733538086610908,0.0,96,1.1998968089343975e-05,83341.0
2025-04-27 00:00:00+00:00,0.0001667078005746498,0.0001730421156280771,5.082620156790108e-08,6.495138604935815e-08,0.00010408653605131073,6.262126452333905e-05,-0.32391461253058595,0,0.0001667078005746498,0.0,96,-0.008301602561038735,82652.0
2025-04-28 00:00:00+00:00,0.0004827678518437272,0.0005129400262956838,3.3740670886453384e-07,4.612217243323773e-07,0.00025012065012287177,0.00023264720172085543,-0.5926648592629187,0,0.0004827678518437272,0.0,96,0.008025589862702631,83318.0
2025-04-29 00:00:00+00:00,0.00028900654926356363,0.0002308359077033481,1.3487218737126156e-07,5.2944656031642866e-08,0.00017288019642181998,0.0001161263528417437,2.3069317351515792,0,0.00028900654926356363,0.0,80,-0.0062848612185160135,82796.0
2025-04-30 00:00:00+00:00,0.0005118692766008069,0.0005726734163876903,5.409112553312482e-07,1.1120712684779744e-06,0.0002672071205500025,0.00024466215605080453,-0.8099234927062412,0,0.0005118692766008069,0.0,96,0.004867596781618744,83200.0
2025-05-01 00:00:00+00:00,0.0003768166521385791,0.0004015269372095425,2.0878490492097622e-07,2.3564082761366745e-07,0.00013993186443819308,0.00023688478770038601,-0.6810300616204047,0,0.0003768166521385791,0.0,96,0.026613842768265172,85444.0
2025-05-02 00:00:00+00:00,0.00026691427364984924,0.0002808360728423745,7.059596226061884e-08,9.62245973159801e-08,0.00012906472286660498,0.0001378495507832443,-0.5928742711592612,0,0.00026691427364984924,0.0,96,0.003866398149085626,85775.0
2025-05-03 00:00:00+00:00,7.298087988485577e-05,6.685691004381411e-05,4.8318498288258886e-09,4.321549509022824e-09,4.317382120654755e-05,2.9807058678308226e-05,1.0535451338949324,0,7.298087988485577e-05,0.0,96,-0.009982625166522041,84923.0
2025-05-04 00:00:00+00:00,0.00017816270231021502,0.00015727193177833394,6.9470407002284e-08,5.561336077449065e-08,0.0001304360624449262,4.7726639865288836e-05,0.9818124065036455,0,0.00017816270231021502,0.0,96,-0.019128361300017716,83314.0
2025-05-05 00:00:00+00:00,0.00024315056659609326,0.00026807041133434725,5.0402966125716856e-08,5.4532823896330896e-08,0.00010071846478021533,0.00014243210181587797,-1.2867650118927354,0,0.00024315056659609326,0.0,96,0.00544640836871757,83769.0
2025-05-06 00:00:00+00:00,0.0003921399793666245,0.00042191157383284183,2.563573022348506e-07,2.5096766077823737e-07,0.00013393202818646807,0.0002582079511801564,-0.8027914307347815,0,0.0003921399793666245,0.0,96,0.01930650907735476,85402.0
2025-05-07 00:00:00+00:00,0.00032240021161353445,0.0003536130303336674,1.1743302176753257e-07,1.8563425592255724e-07,0.00013876340409701803,0.0001836368075165163,-0.9924125656684633,0,0.00032240021161353445,0.0,95,0.005127228111154736,85841.0
2025-05-08 00:00:00+00:00,0.0006298471775586689,0.0006513620384124478,7.537036257965043e-07,7.96066328599397e-07,0.00011558726619283058,0.0005142599113658384,-0.31309805386957834,0,0.0006298471775586689,0.0,96,0.06784513107663415,91867.0
2025-05-09 00:00:00+00:00,0.0004158676229056666,0.0003928249825956467,6.034699933419293e-07,2.7526198516536496e-07,0.0002749597705659158,0.00014090785233975085,0.5208735555958985,0,0.0004158676229056666,0.0,96,-0.004363627419987637,91467.0
2025-05-10 00:00:00+00:00,0.00020886313669263423,0.00023068047351203693,1.2988260569425676e-07,2.0281957512741928e-07,5.72938923898053e-05,0.00015156924430282894,-0.6717768563735073,0,0.00020886313669263423,0.0,96,0.017190971807480082,93053.0
2025-05-11 00:00:00+00:00,0.000316069753815514,0.00026794116630866237,1.6624030817265432e-07,9.227020578211303e-08,0.00015299897856072835,0.00016307077525478568,1.6863902169156362,0,0.000316069753815514,0.0,96,-0.003843901604566824,92696.0
2025-05-12 00:00:00+00:00,0.0007807940733277424,0.0006753213298150793,2.5161942240602418e-06,9.604525282594957e-07,0.00034239835706259894,0.0004383957162651435,1.1687064665046818,0,0.0007807940733277424,0.0,96,-0.0010037831592057955,92603.0
2025-05-13 00:00:00+00:00,0.00043065392965860034,0.0004377023235175121,2.072187403202191e-07,2.0739305599332258e-07,0.00020414539622784551,0.00022650853343075478,-0.19750254375416393,0,0.00043065392965860034,0.0,96,0.005051848632851019,93072.0
2025-05-14 00:00:00+00:00,0.0002301769692036773,0.00024389580325981163,7.626504365291502e-08,1.212815495609914e-07,0.0001404974208599486,8.967954834372868e-05,-0.5240726454416201,0,0.0002301769692036773,0.0,96,-0.0055487162170617665,92557.0
2025-05-15 00:00:00+00:00,0.0003864289026956193,0.00039205548208166087,1.7258494275957363e-07,1.9960794687977557e-07,0.0001813413770755055,0.0002050875256201138,-0.16042153349814584,0,0.0003864289026956193,0.0,96,0.0020938121492370954,92751.0
2025-05-16 00:00:00+00:00,0.0001980903847296835,0.0002242746049636579,4.293048221404863e-08,7.628590250826899e-08,9.716229295214232e-05,0.00010092809177754118,-1.3476074496700703,0,0.0001980903847296835,0.0,96,-0.0010355652846101293,92655.0
2025-05-17 00:00:00+00:00,0.0001299551457133845,0.00011582875494503012,2.7061250587135625e-08,1.1600477590819038e-08,7.50338369991402e-05,5.492130871424429e-05,1.3647934592811861,0,0.0001299551457133845,0.0,96,-0.0027559391683329437,92400.0
2025-05-18 00:00:00+00:00,0.00040207875330950434,0.0003349225407740531,4.182623947589746e-07,2.881731283989044e-07,0.00012709389799434698,0.0002749848553151574,1.3083438706079331,0,0.00040207875330950434,0.0,96,0.02897022070601274,95116.0
2025-05-19 00:00:00+00:00,0.0005534247925865664,0.0005471762151981934,2.817528318413165e-07,2.797715559314948e-07,0.0002872529280906776,0.00026617186449588877,0.14175935851786461,0,0.0005534247925865664,0.0,96,-0.011536494997251623,94025.0
2025-05-20 00:00:00+00:00,0.00048224356214118065,0.00045166170849474075,3.282272428715788e-07,2.256435596077701e-07,0.00020713505758389252,0.0002751085045572881,0.7570566283253504,0,0.00048224356214118065,0.0,96,0.006339871114434459,94623.0
2025-05-21 00:00:00+00:00,0.0010713496803375201,0.0007806110522136238,5.362856168892115e-06,6.62025219595028e-07,0.0005614550640635307,0.0005098946162739894,3.268873532432948,1,0.0007806110522136238,0.00029073862812389634,96,0.02174385029208814,96703.0
2025-05-22 00:00:00+00:00,0.00039527783991352174,0.00042162160697347594,1.4453244705991945e-07,1.9515374395802944e-07,0.00016711088316985568,0.0002281669567436661,-0.7944475113072679,0,0.00039527783991352174,0.0,95,0.021857955357486247,98840.0
2025-05-23 00:00:00+00:00,0.0005769421390654807,0.0006100502106621242,7.334255785002918e-07,6.160589514820244e-07,0.0004198361673572044,0.00015710597170827626,-0.5599964423087053,0,0.0005769421390654807,0.0,96,-0.04528357158245555,94464.0
2025-05-24 00:00:00+00:00,0.00019052942795635787,0.00019508407382123804,4.677006991001101e-08,4.1205819367830116e-08,8.764362389026169e-05,0.0001028858040660962,-0.28844584530302325,0,0.00019052942795635787,0.0,96,0.004689191787326408,94908.0
2025-05-25 00:00:00+00:00,0.0003336099575204326,0.0002706216313005796,2.0292188122073204e-07,9.133577930169008e-08,0.00013365465116613455,0.00019995530635429808,2.1227179815580954,0,0.0003336099575204326,0.0,96,0.0105960839851722,95919.0
2025-05-26 00:00:00+00:00,0.00022365943667738053,0.00023008984481929847,1.0905805758000313e-07,6.866056683607334e-08,0.00011990820453653404,0.00010375123214084647,-0.301750694350954,0,0.00022365943667738053,0.0,87,0.0024677872734812922,96156.0
2025-05-27 00:00:00+00:00,0.00033795682343154565,0.0003046295298504026,2.015825652375549e-07,1.0967963096524956e-07,0.00016075739677256262,0.00017719942665898297,1.1388775581127566,0,0.00033795682343154565,0.0,96,-0.000520123593087618,96106.0
2025-05-28 00:00:00+00:00,0.0002922370055269132,0.0003158652561449675,8.633294764616352e-08,1.0305290179253664e-07,0.00015206201241945856,0.0001401749931074547,-0.9988431651882921,0,0.0002922370055269132,0.0,96,-0.0009785653348579615,96012.0
2025-05-29 00:00:00+00:00,0.00035347510005635265,0.00033464218457003857,1.5672348419847467e-07,9.571888107437764e-08,0.00022795085182954832,0.00012552424822680433,0.6689411751219008,0,0.00035347510005635265,0.0,96,-0.03296030215677703,92899.0
2025-05-30 00:00:00+00:00,0.0005311390464366532,0.0004836086084655193,4.7655942206971885e-07,3.8023466923628186e-07,0.00032788277840521327,0.00020325626803143986,0.8811725314077227,0,0.0005311390464366532,0.0,96,-0.01222743466828824,91770.0
2025-05-31 00:00:00+00:00,0.0001487660879378182,0.00013344583336546064,2.8440071642920905e-08,1.8380559735691558e-08,6.951682482152556e-05,7.924926311629266e-05,1.2726731697318143,0,0.0001487660879378182,0.0,96,0.006928108155456414,92408.0
2025-06-01 00:00:00+00:00,0.00017176966749877126,0.0001692221374568819,3.95631263619314e-08,4.150102083887328e-08,6.861094633073468e-05,0.0001031587211680366,0.1546784541489526,0,0.00017176966749877126,0.0,96,0.008856003322224026,93230.0
2025-06-02 00:00:00+00:00,0.0002889345140384282,0.00032088160340690595,1.0365373465461664e-07,1.311741542089845e-07,0.00015447890927062537,0.00013445560476780293,-1.2299338497675845,0,0.0002889345140384282,0.0,96,-0.0080879665917859,92479.0
2025-06-03 00:00:00+00:00,0.0002597533496592741,0.0002551682770155747,8.246036833205564e-08,8.207585017991522e-08,0.00011444070783117835,0.00014531264182809572,0.1973936817732628,0,0.0002597533496592741,0.0,96,0.001814980565864488,92647.0
2025-06-04 00:00:00+00:00,0.00015617880004482383,0.00016009149280174113,2.9405988144930886e-08,3.037212937254454e-08,8.91681840073234e-05,6.701061603750043e-05,-0.2889438769843489,0,0.00015617880004482383,0.0,96,-0.009739984589959505,91749.0
2025-06-05 00:00:00+00:00,0.0005379999297547634,0.0005369602669529061,4.079096338630455e-07,3.1916205982883557e-07,0.0003409004430740107,0.0001970994866807527,0.023060886860196163,0,0.0005379999297547634,0.0,96,-0.03351488916016088,88725.0
2025-06-06 00:00:00+00:00,0.00024728654439264516,0.0002618338542410562,5.8859496728465795e-08,8.850907895465844e-08,8.578089039956359e-05,0.00016150565399308158,-0.646650287279782,0,0.00024728654439264516,0.0,95,0.0320751454475694,91617.0
2025-06-07 00:00:00+00:00,0.00011365826360758411,0.00011158582849993174,2.1010410429666203e-08,1.3206014570120872e-08,4.179548375439484e-05,7.186277985318927e-05,0.22229632216752881,0,0.00011365826360758411,0.0,96,0.011589803200921622,92685.0
2025-06-08 00:00:00+00:00,9.625380241205904e-05,8.519916665173264e-05,2.021087307150243e-08,9.031849903572609e-09,5.3643150583352585e-05,4.2610651828706455e-05,1.2927148301043345,0,9.625380241205904e-05,0.0,96,0.0008735461674600487,92766.0
2025-06-09 00:00:00+00:00,0.00042309074210305456,0.000399706481257281,6.344549762225259e-07,3.976018482233361e-07,9.810002702620624e-05,0.0003249907150768483,0.4398821255791333,0,0.00042309074210305456,0.0,96,0.039638965284163774,96517.0
2025-06-10 00:00:00+00:00,0.0002764646099625572,0.0002606591826841803,1.117334255580878e-07,7.420041617585991e-08,0.00014494061072186574,0.00013152399924069145,0.6868560870004735,0,0.0002764646099625572,0.0,96,-0.0011610911413164615,96405.0
2025-06-11 00:00:00+00:00,0.0001699308571349453,0.00018906794043084036,3.029998063052261e-08,5.2823792039859786e-08,0.00010549706388161095,6.443379325333434e-05,-1.1631502078169658,0,0.0001699308571349453,0.0,96,-0.020508648993025957,94448.0
2025-06-12 00:00:00+00:00,0.0004274386158588193,0.00040491536562884626,3.5478908001848995e-07,2.871591867798775e-07,0.00030780519388210056,0.00011963342197671874,0.49990721465428295,0,0.0004274386158588193,0.0,96,-0.03560874510251821,91144.0
2025-06-13 00:00:00+00:00,0.0006953467330010493,0.0007741655683393146,6.612371367092729e-07,1.054164139434212e-06,0.0003733570011986334,0.0003219897318024159,-1.0730934024116021,0,0.0006953467330010493,0.0,96,0.008205947521622292,91895.0
2025-06-14 00:00:00+00:00,0.0001489702666331921,0.0001650062985710366,3.416477424259115e-08,5.054325136568871e-08,7.343412989804398e-05,7.553613673514812e-05,-0.9919629446266218,0,0.0001489702666331921,0.0,96,-0.0058169838307868815,91362.0
2025-06-15 00:00:00+00:00,0.00013174576267912518,0.00012403526032238717,2.258629974801921e-08,1.9376756651420267e-08,6.206400140610618e-05,6.9681761273019e-05,0.6547565257301922,0,0.00013174576267912518,0.0,96,0.0020556340338693246,91550.0
2025-06-16 00:00:00+00:00,0.00038460488372071735,0.0003390676653272147,5.596417298296168e-07,1.6228007585730357e-07,0.0002186718903571188,0.00016593299336359855,1.2512228766445495,0,0.00038460488372071735,0.0,96,0.009869216230049105,92458.0
2025-06-17 00:00:00+00:00,0.000373609316766117,0.0003640833929864818,1.5229685971864538e-07,1.6694270341543895e-07,0.00019205276341348218,0.00018155655335263488,0.28525663226125775,0,0.000373609316766117,0.0,96,-0.015235857443933298,91060.0
2025-06-18 00:00:00+00:00,0.0004046199740470371,0.00047487255753949183,2.0461843934440036e-07,4.345293605393201e-07,0.00019979825534234883,0.00020482171870468826,-1.5704050704632617,0,0.0004046199740470371,0.0,96,0.003934704411650003,91419.0
2025-06-19 00:00:00+00:00,0.0001982657212660658,0.0002204171296730192,4.644368627972785e-08,5.463948330849322e-08,9.522295834790341e-05,0.00010304276291816238,-1.322741434935087,0,0.0001982657212660658,0.0,96,-0.005627328712531465,90906.0
2025-06-20 00:00:00+00:00,0.000374770475662335,0.0003208692985543142,4.683456912871208e-07,2.0720252608702923e-07,0.00024820069485351383,0.00012656978080882115,1.2728954056188055,0,0.000374770475662335,0.0,96,-0.01333294024553311,89702.0
2025-06-21 00:00:00+00:00,0.00028004865127259794,0.00020605839910342515,2.9057221845025877e-07,4.267182032908983e-08,0.00013815968510428637,0.00014188896616831154,3.291668883455246,1,0.00020605839910342515,7.399025216917279e-05,95,-0.01124445006539787,88699.0
2025-06-22 00:00:00+00:00,0.0008974581939705576,0.0009384563732612439,1.6217675957289914e-06,2.278028713660274e-06,0.0004956667269943854,0.000401791466976172,-0.3566268451723908,0,0.0008974581939705576,0.0,96,-0.01000489890980738,87816.0
2025-06-23 00:00:00+00:00,0.0008517741054202325,0.0008521850180032942,1.7615557672351441e-06,1.4836244466354547e-06,0.00028678932293486995,0.0005649847824853625,-0.0042376600009763205,0,0.0008517741054202325,0.0,96,0.03469228691089654,90916.0
2025-06-24 00:00:00+00:00,0.0002517989728960468,0.00024364510176583934,8.093830821305283e-08,7.679703645986613e-08,0.00011713474223012677,0.00013466423066592,0.35745760439801827,0,0.0002517989728960468,0.0,96,0.005637648880423285,91430.0
2025-06-25 00:00:00+00:00,0.0002664713240026738,0.00025666199521740896,7.297591280398725e-08,7.250592623303353e-08,0.00012005429309787678,0.00014641703090479698,0.44054758256610016,0,0.0002664713240026738,0.0,96,0.005573414801286702,91941.0
2025-06-26 00:00:00+00:00,0.0001872657104605245,0.00019396560085957132,3.901736976095549e-08,4.765001641046308e-08,9.686083626663487e-05,9.040487419388961e-05,-0.39914603724536474,0,0.0001872657104605245,0.0,96,-0.004709738877501479,91509.0
2025-06-27 00:00:00+00:00,0.0001625615627444401,0.0001666918309305471,3.870196877918109e-08,3.6686545489155796e-08,9.299849258966516e-05,6.956307015477493e-05,-0.2776198345935614,0,0.0001625615627444401,0.0,96,-0.000754308613565513,91440.0
2025-06-28 00:00:00+00:00,3.3401906067600133e-05,3.3928991856876746e-05,1.2766115009299852e-09,1.5485983324443928e-09,1.5135354260383947e-05,1.826655180721619e-05,-0.17082082548331307,0,3.3401906067600133e-05,0.0,96,0.002195750304586852,91641.0
2025-06-29 00:00:00+00:00,0.00010138695605339194,9.515175909783687e-05,1.3764108087967036e-08,1.6337746870542925e-08,3.772257087235951e-05,6.366438518103242e-05,0.5748016808906605,0,0.00010138695605339194,0.0,96,0.008702651036550435,92442.0
2025-06-30 00:00:00+00:00,0.00016238384712173625,0.00016450056966565215,3.6929242530549235e-08,3.6649810428967296e-08,0.00010427175193058626,5.811209519115001e-05,-0.14063125299484253,0,0.00016238384712173625,0.0,96,-0.016271515863561348,90950.0
2025-07-01 00:00:00+00:00,0.00020841872823470703,0.0002427329612871434,7.637142976674024e-08,1.8197977495005248e-07,0.0001266126916310131,8.180603660369392e-05,-1.1762075012976327,0,0.00020841872823470703,0.0,96,-0.015401113233577846,89560.0
2025-07-02 00:00:00+00:00,0.00020131790421223074,0.00019205390998195323,7.049036832833327e-08,6.541606470229548e-08,6.362908381654252e-05,0.00013768882039568817,0.43383643113443876,0,0.00020131790421223074,0.0,96,0.02971272527382851,92261.0
2025-07-03 00:00:00+00:00,0.00019767034066609215,0.00018998513127407933,7.394879985945759e-08,5.6813110612029654e-08,7.276720065733431e-05,0.00012490314000875784,0.3890798328224958,0,0.00019767034066609215,0.0,96,0.009879393115813428,93177.0
2025-07-04 00:00:00+00:00,0.00013071186222605877,0.00015206653206405928,2.1900524214328336e-08,4.1743684691703455e-08,8.521336899118847e-05,4.5498493234870316e-05,-1.5266704787643435,0,0.00013071186222605877,0.0,96,-0.014997550889196631,91790.0
2025-07-05 00:00:00+00:00,4.3483184963483105e-05,4.4230172392410556e-05,2.5319765949434746e-09,2.182212819906683e-09,1.8770020173971866e-05,2.471316478951125e-05,-0.20421668603288015,0,4.3483184963483105e-05,0.0,96,0.0020786747503596104,91981.0
2025-07-07 00:00:00+00:00,0.0001575441403265591,0.00013689676534435415,3.732520394418634e-08,3.296216251131943e-08,8.551180726211482e-05,7.203233306444429e-05,1.2407295513702319,0,0.0001575441403265591,0.0,96,-0.005146736270631891,92248.0
2025-07-08 00:00:00+00:00,0.00013057491074841115,0.0001236255759321949,1.9948296065123125e-08,1.8209562928402646e-08,5.846086316125556e-05,7.21140475871556e-05,0.6121689008155414,0,0.00013057491074841115,0.0,96,0.007634902613366634,92955.0
2025-07-09 00:00:00+00:00,0.0003256378336683995,0.0003578998674380335,3.1814236940702467e-07,3.2942224601724214e-07,9.788915835976706e-05,0.00022774867530863248,-0.7756595741991817,0,0.0003256378336683995,0.0,96,0.01950621394823493,94786.0
2025-07-10 00:00:00+00:00,0.0005281621584831279,0.00033797109666133275,2.2856723192682423e-06,1.357747471787615e-07,7.836908980794077e-05,0.0004497930686751871,4.125230919732284,1,0.00033797109666133275,0.00019019106182179512,95,0.04147588572340588,98800.0
2025-07-11 00:00:00+00:00,0.0003525523529229028,0.00033975193992021263,1.3704386836578585e-07,9.567278628918502e-08,0.00017082762949847925,0.00018172472342442358,0.45585798046489995,0,0.0003525523529229028,0.0,96,0.012272561236935431,100020.0
2025-07-12 00:00:00+00:00,9.712208623823634e-05,9.577538288522585e-05,8.950510770403918e-09,9.738943995465488e-09,5.361953818654791e-05,4.350254805168843e-05,0.16895890984648235,0,9.712208623823634e-05,0.0,96,-0.0017111212016178712,99849.0
2025-07-13 00:00:00+00:00,0.0001251011301133648,0.00011819985062759063,1.8493317819513092e-08,1.2435735934963192e-08,5.473468618241478e-05,7.036644393095e-05,0.6926240700854285,0,0.0001251011301133648,0.0,96,0.018073229497929333,101670.0
2025-07-14 00:00:00+00:00,0.00046038295886134813,0.0004982026664512065,2.5122010047620244e-07,3.047312017060622e-07,0.00019627183681351971,0.0002641111220478284,-0.930841440827101,0,0.00046038295886134813,0.0,96,0.00939801337055357,102630.0
2025-07-15 00:00:00+00:00,0.0007392303473890946,0.000725206023052263,7.527478863009252e-07,9.163070376260586e-07,0.00038113526924293773,0.0003580950781461569,0.1804563829469968,0,0.0007392303473890946,0.0,96,-0.012057196500538936,101400.0
2025-07-16 00:00:00+00:00,0.0004204612103999135,0.000461820239411053,1.689064291027965e-07,3.3501387670995264e-07,0.00018626994598779719,0.00023419126441211627,-0.9854059023476107,0,0.0004204612103999135,0.0,96,0.005801678105342489,101990.0
2025-07-17 00:00:00+00:00,0.000506397358670569,0.0004949887910704986,2.769573888558951e-07,2.8484018651953823e-07,0.00019172801213440246,0.0003146693465361665,0.2623394595309422,0,0.000506397358670569,0.0,96,0.005670723056892868,102570.0
2025-07-18 00:00:00+00:00,0.000465456610178209,0.00043003603142356824,3.3674933048188064e-07,1.5572815166828223e-07,0.00028099071581836623,0.0001844658943598428,0.95544490337467,0,0.000465456610178209,0.0,96,-0.011078001630403733,101440.0
2025-07-19 00:00:00+00:00,7.694150929720789e-05,8.325845979674006e-05,6.075465201330967e-09,7.83739791715485e-09,3.5709977882483254e-05,4.123153141472462e-05,-0.9694343272603668,0,7.694150929720789e-05,0.0,96,-0.0005916576447120292,101380.0
2025-07-20 00:00:00+00:00,0.00017391072934018617,0.0001467792975477136,1.8304518058834985e-07,7.706293564802713e-08,0.00011225106839733698,6.165966094284917e-05,1.0356608621886252,0,0.00017391072934018617,0.0,96,-0.005539084389718951,100820.0
2025-07-21 00:00:00+00:00,0.000320782730222594,0.00034402950700318323,8.720193732544149e-08,1.0217950305447751e-07,0.00016057070757213417,0.00016021202265045973,-0.9051220594213306,0,0.000320782730222594,0.0,95,-0.004174541396855247,100400.0
2025-07-22 00:00:00+00:00,0.000488864791131036,0.0004154112516926642,6.698989034633299e-07,1.5197588918082828e-07,0.0002571955905741951,0.00023166920055684099,1.8864841695834547,0,0.000488864791131036,0.0,96,0.017769470511975527,102200.0
2025-07-23 00:00:00+00:00,0.00028321400763250677,0.0002877327346469553,9.30741137090519e-08,1.0780712070860556e-07,0.00016681215761151698,0.00011640185002098982,-0.17554809584028785,0,0.00028321400763250677,0.0,96,-0.01280175041004128,100900.0
2025-07-24 00:00:00+00:00,0.0002798198198066715,0.0002993126200246676,7.651915327330056e-08,1.525067802319709e-07,0.00013907847739564824,0.0001407413424110232,-0.6703558580771777,0,0.0002798198198066715,0.0,96,-0.0023814260113486085,100660.0
2025-07-25 00:00:00+00:00,0.0004722967292668816,0.000430480465372066,2.646355313027619e-07,2.2924645920806042e-07,0.0002643003528628853,0.0002079963764039963,0.999451254482861,0,0.0004722967292668816,0.0,96,-0.005179294446415739,100140.0
2025-07-26 00:00:00+00:00,6.374244377908126e-05,6.328704134348925e-05,8.145042839874511e-09,6.024309918014471e-09,2.5244214598477522e-05,3.8498229180603724e-05,0.07314034032615195,0,6.374244377908126e-05,0.0,96,0.0023937773249880223,100380.0
2025-07-27 00:00:00+00:00,0.00011286156481272048,0.00010049475662266767,3.281740941783668e-08,1.3218962225782274e-08,3.598573855398658e-05,7.687582625873392e-05,1.2025010847920365,0,0.00011286156481272048,0.0,96,0.011785231724623202,101570.0
2025-07-28 00:00:00+00:00,0.00022050890468823574,0.00023696360542837183,4.951171126994945e-08,7.151423018815457e-08,0.00011763609678339,0.0001028728079048457,-0.8301918557611936,0,0.00022050890468823574,0.0,96,0.0023601151676935217,101810.0
2025-07-29 00:00:00+00:00,0.00024397732415512788,0.0002408871648697937,6.60951495249083e-08,7.248632635678381e-08,0.00012313672271121464,0.00012084060144391326,0.14228077262389935,0,0.00024397732415512788,0.0,96,0.0027464460618205067,102090.0
2025-07-30 00:00:00+00:00,0.00020855367894829528,0.00021577470734405855,5.6409604601463875e-08,7.867383834474168e-08,9.589513625192474e-05,0.00011265854269637057,-0.33442270975017435,0,0.00020855367894829528,0.0,96,0.00955359186777649,103070.0
2025-07-31 00:00:00+00:00,0.00018423654983630282,0.00020648765803252603,3.163983087803807e-08,5.945341449991022e-08,0.00011310961887130109,7.112693096500174e-05,-1.284135193012392,0,0.00018423654983630282,0.0,96,-0.016532536004497445,101380.0
2025-08-01 00:00:00+00:00,0.0006068851037878985,0.0006895216720714014,4.5348650299087125e-07,6.97878143594305e-07,0.0003827637896011878,0.00022412131418671064,-1.4110848058195469,0,0.0006068851037878985,0.0,96,-0.03535838475156439,97858.0
2025-08-02 00:00:00+00:00,0.00023982477503964062,0.00021576641720620534,8.702563913293076e-08,6.05956541251154e-08,0.00012193954660167115,0.00011788522843796943,1.103987720636455,0,0.00023982477503964062,0.0,96,-0.006633574505062967,97211.0
2025-08-03 00:00:00+00:00,0.00010888021053736741,0.00010961046527226533,1.3962318443712055e-08,1.5934723988660583e-08,3.828602407142281e-05,7.05941864659446e-05,-0.07311969573573375,0,0.00010888021053736741,0.0,96,0.014815993452524268,98662.0
2025-08-04 00:00:00+00:00,0.00021153409849647143,0.0002327044434940666,5.511581759729648e-08,7.086411479903545e-08,7.734924539712491e-05,0.00013418485309934656,-1.0984195191723285,0,0.00021153409849647143,0.0,96,0.006928970704569437,99348.0
2025-08-05 00:00:00+00:00,0.00026517522160557415,0.00027500963383010477,1.476627008484952e-07,2.570026170055073e-07,0.00017853429600552922,8.664092560004493e-05,-0.2512754077810942,0,0.00026517522160557415,0.0,95,-0.007557576336079563,98600.0
2025-08-06 00:00:00+00:00,0.00022688357425834212,0.00019935617378549035,1.4914262008865944e-07,7.92698172011492e-08,8.141822922154039e-05,0.00014546534503680176,1.0786166116033058,0,0.00022688357425834212,0.0,96,0.0004055972474983349,98640.0
2025-08-07 00:00:00+00:00,0.0002122910107123844,0.0002114496192444135,5.699076886913476e-08,7.619107061349011e-08,7.820406574535711e-05,0.00013408694496702732,0.038119795822143136,0,0.0002122910107123844,0.0,96,0.019973565089154377,100630.0
2025-08-08 00:00:00+00:00,0.00011882122251654244,0.0001244581924539991,1.8386058685200353e-08,1.924532810028042e-08,5.8636756487465496e-05,6.018446602907694e-05,-0.534369582558361,0,0.00011882122251654244,0.0,96,-0.004881217043443797,100140.0
2025-08-09 00:00:00+00:00,8.359298200349058e-05,6.94272384327008e-05,9.819544260769555e-09,5.691402473254769e-09,4.091313886902437e-05,4.26798431344662e-05,1.9580284465140643,0,8.359298200349058e-05,0.0,96,-0.005005516507818442,99640.0
2025-08-10 00:00:00+00:00,0.0002015757018810506,0.00022651419536918424,5.1228271184519164e-08,8.396702572099587e-08,7.478377684368449e-05,0.00012679192503736606,-1.2142336666711608,0,0.0002015757018810506,0.0,96,0.025759300235243643,102240.0
2025-08-11 00:00:00+00:00,0.0003123583759505541,0.00023540920331325128,2.0542251954174634e-07,8.834633360736102e-08,0.00012890620171653966,0.00018345217423401447,2.449678936707473,0,0.0003123583759505541,0.0,96,-0.000684898025891556,102170.0
2025-08-12 00:00:00+00:00,0.00023584825337853043,0.00023246426832365533,8.739407178949595e-08,5.796585822022196e-08,0.00010869231766330142,0.00012715593571522904,0.1739382282300833,0,0.00023584825337853043,0.0,96,0.005952688960750407,102780.0
2025-08-13 00:00:00+00:00,0.0005063278666175674,0.00042615400739735106,7.939018469734652e-07,3.3708432847502553e-07,0.00018683487588403287,0.0003194929907335344,1.4592424401533055,0,0.0005063278666175674,0.0,96,0.01974920890039833,104830.0
2025-08-14 00:00:00+00:00,0.000542777349831538,0.0005753179325574666,5.627997529294082e-07,5.970161559542644e-07,0.00038023007299499087,0.00016254727683654701,-0.5604639409420136,0,0.000542777349831538,0.0,96,-0.031198034966690713,101610.0
2025-08-15 00:00:00+00:00,0.00020949456884513398,0.00021292962137791065,4.3669375569538815e-08,4.6658087135723e-08,0.00012579451063214392,8.37000582129901e-05,-0.2029375575468534,0,0.00020949456884513398,0.0,96,-0.011780564891230583,100420.0
2025-08-16 00:00:00+00:00,5.7190039520754534e-05,4.054367091222279e-05,7.578789594156684e-09,1.7761751631863724e-09,2.775555131268359e-05,2.9434488208070945e-05,3.5156730477357616,1,4.054367091222279e-05,1.6646368608531742e-05,96,0.0006968294543074904,100490.0
2025-08-18 00:00:00+00:00,0.00031858407936206446,0.0003224969161214377,1.1683527273595193e-07,1.226307475968942e-07,0.00017528429977796083,0.0001432997795841036,-0.14201124548610097,0,0.00031858407936206446,0.0,96,-0.007399293832806464,99640.0
2025-08-19 00:00:00+00:00,0.0002785961781148599,0.00026705890478111687,1.1616263892736267e-07,6.487655154720379e-08,0.00016988471534189724,0.00010871146277296269,0.5199447828391396,0,0.0002785961781148599,0.0,96,-0.02733736539861198,96953.0
2025-08-20 00:00:00+00:00,0.00037095096810948005,0.00042626403614255253,1.367690621273136e-07,2.6481985778427985e-07,0.00015285984211050704,0.00021809112599897293,-1.5426593702983549,0,0.00037095096810948005,0.0,95,0.011699877625961363,98094.0
2025-08-21 00:00:00+00:00,0.00021149259110843466,0.00019037191136747646,5.649389878453493e-08,4.6982989888782584e-08,0.00012594682865455975,8.554576245387492e-05,1.101220976799849,0,0.00021149259110843466,0.0,96,-0.012762812768324139,96850.0
2025-08-22 00:00:00+00:00,0.0006332424417350407,0.00034837635639459294,3.1341222410558926e-06,1.4725341194023887e-07,0.00014235795880419068,0.00049088448293085,5.127621023024486,1,0.00034837635639459294,0.00028486608534044775,96,0.02402502639342785,99205.0
2025-08-23 00:00:00+00:00,0.00010175389651569382,0.00010822894775876133,1.177692940889927e-08,1.3418499394446738e-08,6.902296791421605e-05,3.273092860147777e-05,-0.7464707912955224,0,0.00010175389651569382,0.0,96,-0.012894633845995429,97934.0
2025-08-24 00:00:00+00:00,0.0003360451045521309,0.00029058545156127524,6.76583128827868e-07,2.7334775060203644e-07,0.00021173549120906244,0.0001243096133430684,0.9440040456452788,0,0.0003360451045521309,0.0,96,-0.011367901390590518,96827.0
2025-08-25 00:00:00+00:00,0.0006023782463830874,0.0006491805738938675,5.425301723759639e-07,8.092381679267386e-07,0.0003741216976126893,0.0002282565487703982,-0.7039708970361201,0,0.0006023782463830874,0.0,96,-0.02066081401674502,94847.0
2025-08-26 00:00:00+00:00,0.00044981266186522084,0.00042053344322918947,2.625423107174585e-07,1.8174451761894517e-07,0.0001917134832447318,0.00025809917862048903,0.8061704650953546,0,0.00044981266186522084,0.0,96,0.012832843365279345,96072.0
2025-08-27 00:00:00+00:00,0.00023427367670210474,0.0002566863432832359,5.445800390871894e-08,8.454280188564429e-08,0.00010669879090771787,0.00012757488579438685,-1.0603852523708304,0,0.00023427367670210474,0.0,96,-0.005626172822038811,95533.0
2025-08-28 00:00:00+00:00,0.00023779628417671195,0.00023469302466894935,8.267411292183563e-08,5.730294250245213e-08,0.00011422549112837018,0.00012357079304834177,0.16064009352780742,0,0.00023779628417671195,0.0,96,0.00885809998120557,96383.0
2025-08-29 00:00:00+00:00,0.0003764143382423655,0.0003896704251539596,2.574146041018348e-07,2.936144603628544e-07,0.0002852202494149743,9.11940888273911e-05,-0.3179707031002071,0,0.0003764143382423655,0.0,96,-0.038077182056378334,92782.0
2025-08-30 00:00:00+00:00,0.00012627843143250735,0.00011573176667435568,3.791118682960887e-08,1.3818884668548185e-08,7.307805465179873e-05,5.320037678070863e-05,1.0323601852331352,0,0.00012627843143250735,0.0,96,0.004591628091732858,93209.0
2025-08-31 00:00:00+00:00,0.00010727498538072887,0.00011922847852760009,1.2569046114041369e-08,1.7800577519607874e-08,6.583485888283396e-05,4.144012649789491e-05,-1.2502259985066357,0,0.00010727498538072887,0.0,96,-0.006274403773607773,92626.0
2025-09-01 00:00:00+00:00,0.00037580038070614025,0.0004136111901553578,1.5877035664281034e-07,2.756747403642015e-07,0.00019546114504234976,0.00018033923566379055,-0.9951344229467733,0,0.00037580038070614025,0.0,96,0.006821411600880012,93260.0
2025-09-02 00:00:00+00:00,0.0003999079086560084,0.00037868358881238925,4.6889423565914756e-07,3.3317658905412735e-07,0.00012593793328372183,0.0002739699753722865,0.43716182628028066,0,0.0003999079086560084,0.0,96,0.024666459295445975,95589.0
2025-09-03 00:00:00+00:00,0.00029252605996255156,0.00022262107519044924,2.8369453420272977e-07,8.572829545953166e-08,9.846846758195423e-05,0.00019405759238059735,2.2812714361124917,0,0.00029252605996255156,0.0,96,0.0025806465934916645,95836.0
2025-09-04 00:00:00+00:00,0.0002686509341932297,0.0002463392383896471,1.0998184581283338e-07,6.155989361106892e-08,0.0001292033204514338,0.00013944761374179595,1.0298744231475865,0,0.0002686509341932297,0.0,95,-0.0087615056685717,95000.0
2025-09-05 00:00:00+00:00,0.00037719457085734915,0.00035231489554812194,4.6494844575295825e-07,1.5858341030226076e-07,0.0002467464380931475,0.00013044813276420165,0.732673697956649,0,0.00037719457085734915,0.0,96,-0.005404049290994806,94488.0
2025-09-06 00:00:00+00:00,5.132366825850211e-05,4.7991415394722155e-05,4.431018424189371e-09,2.7206797163399406e-09,2.9074232752473114e-05,2.2249435506028995e-05,0.7500225263577243,0,5.132366825850211e-05,0.0,96,-0.003881029207388309,94122.0
2025-09-07 00:00:00+00:00,7.42299347061221e-05,6.59111138758448e-05,8.054775467323429e-09,4.601875245087233e-09,2.8507201664746605e-05,4.572273304137549e-05,1.367108929873563,0,7.42299347061221e-05,0.0,96,0.008168666068188557,94894.0
2025-09-08 00:00:00+00:00,0.00016868486146148364,0.00014047756341425423,3.6132559741839024e-08,2.239559494671866e-08,6.856939333164967e-05,0.00010011546812983396,1.9707894998719018,0,0.00016868486146148364,0.0,96,0.003702539204002875,95246.0
2025-09-09 00:00:00+00:00,0.00021966765439208752,0.00018310747682060907,1.0478891135795e-07,4.457600306279893e-08,0.00012554979669538032,9.411785769670716e-05,1.8122866739407395,0,0.00021966765439208752,0.0,96,0.0005458057067233568,95298.0
2025-09-10 00:00:00+00:00,0.00017891545207032963,0.00017878716579885668,4.436180830590422e-08,4.495970846258498e-08,7.121995975561316e-05,0.00010769549231471648,0.007590775143461614,0,0.00017891545207032963,0.0,96,0.021499060753125576,97369.0
2025-09-11 00:00:00+00:00,0.00020749067309318677,0.0001502982265507203,1.1401823126695654e-07,3.3601522347238846e-08,0.00010375054928149648,0.00010374012381169032,2.837550973690993,0,0.00020749067309318677,0.0,96,0.0111120198055783,98457.0
2025-09-12 00:00:00+00:00,0.0001294223830243163,0.0001299685303277758,1.822055498837779e-08,2.2360433305646868e-08,5.9532435985107587e-05,6.988994703920874e-05,-0.04604979480812234,0,0.0001294223830243163,0.0,96,0.003933062008123045,98845.0
2025-09-13 00:00:00+00:00,5.103059185001061e-05,5.468014660915824e-05,2.390535499069139e-09,4.389369292506969e-09,2.6638125323252875e-05,2.439246652675773e-05,-0.7410834015089973,0,5.103059185001061e-05,0.0,96,-0.0031005577467588807,98539.0
2025-09-14 00:00:00+00:00,8.074207536310475e-05,6.922771729598534e-05,8.8074704240108e-09,6.142743330545882e-09,4.6566151291375825e-05,3.417592407172892e-05,1.5814950864381467,0,8.074207536310475e-05,0.0,96,-0.0017571930069291142,98366.0
2025-09-15 00:00:00+00:00,0.00022865731810317399,0.00022153623140692722,7.593942747235994e-08,5.0735104239833293e-08,0.00012836920648328336,0.00010028811161989064,0.3845748242076062,0,0.00022865731810317399,0.0,96,-0.0026568822221477717,98105.0
2025-09-16 00:00:00+00:00,0.0001593644250482677,0.00016819855532076208,3.0931397926802856e-08,3.946463296598258e-08,7.293317969775083e-05,8.643124535051688e-05,-0.5892774791243574,0,0.0001593644250482677,0.0,96,0.0032361829106424267,98423.0
2025-09-17 00:00:00+00:00,0.0002775616030382085,0.00030441761036902065,1.4069937467674575e-07,3.4402432223080053e-07,0.0001529792230269829,0.00012458238001122565,-0.6305019812612711,0,0.0002775616030382085,0.0,96,0.00036570128707680283,98459.0
2025-09-18 00:00:00+00:00,0.00018184717610318364,0.0001961068256278183,3.285900803751477e-08,4.933616107065567e-08,7.425755052735965e-05,0.000107589625575824,-0.8692436379878483,0,0.00018184717610318364,0.0,96,0.009008751128043002,99350.0
2025-09-19 00:00:00+00:00,0.00011263677029877658,0.0001184348665832694,1.3335242117863403e-08,1.7280022462992153e-08,6.417002516606226e-05,4.846674513271434e-05,-0.5792526658240518,0,0.00011263677029877658,0.0,95,-0.008034201018933373,98555.0
2025-09-20 00:00:00+00:00,3.059731021299439e-05,2.9430623488019607e-05,1.0019182340932743e-09,8.268578221186578e-10,1.6298549737470673e-05,1.4298760475523715e-05,0.47874053857255466,0,3.059731021299439e-05,0.0,96,0.0006593128170866436,98620.0
2025-09-21 00:00:00+00:00,4.955363783960739e-05,4.5765903555469106e-05,2.314083177005783e-09,2.1637049516411795e-09,2.515433306077162e-05,2.4399304778835763e-05,0.9442264923709318,0,4.955363783960739e-05,0.0,96,-0.0038504372958598765,98241.0
2025-09-22 00:00:00+00:00,0.00032134809756591195,0.0003229592485848096,1.444691529442198e-07,1.4087764440486468e-07,0.0002211988085327854,0.00010014928903312657,-0.054164707201224106,0,0.00032134809756591195,0.0,96,-0.027334508952666425,95592.0
2025-09-23 00:00:00+00:00,0.00021606631326675916,0.00022234870511520739,4.682190519603529e-08,4.8794424872246103e-08,0.00012334841083613498,9.271790243062415e-05,-0.36506244374152863,0,0.00021606631326675916,0.0,96,-0.007918961721067319,94838.0
2025-09-24 00:00:00+00:00,0.00017395851987819913,0.00017242626652042595,4.2410566190825123e-08,3.697414573752433e-08,7.088343250181043e-05,0.00010307508737638866,0.09916728552934678,0,0.00017395851987819913,0.0,96,0.017787257405959878,96540.0
2025-09-25 00:00:00+00:00,0.00048690314513247896,0.0005163225789075636,3.059370072833953e-07,3.88895985518335e-07,0.0003261925546776414,0.0001607105904548376,-0.6280949686430011,0,0.00048690314513247896,0.0,96,-0.0318890477849898,93510.0
2025-09-26 00:00:00+00:00,0.00030755292451025535,0.00031681966307838737,1.1183358843535901e-07,1.1093867710669808e-07,0.00015109145612329862,0.00015646146838695668,-0.35983788345902107,0,0.00030755292451025535,0.0,96,0.0033203291043175653,93821.0
2025-09-27 00:00:00+00:00,3.6341299511553434e-05,3.776661839222333e-05,1.366483832254539e-09,1.6846886480147976e-09,1.638311846231605e-05,1.9958181049237388e-05,-0.45309477893397415,0,3.6341299511553434e-05,0.0,96,6.394952253074848e-05,93827.0
2025-09-29 00:00:00+00:00,0.00023683272655420154,0.00014125858781188444,2.7756100722619735e-07,3.010810816713481e-08,6.242988092649547e-05,0.00017440284562770606,4.124782014585631,1,0.00014125858781188444,9.55741387423171e-05,96,0.01645085153657533,97510.0
2025-09-30 00:00:00+00:00,0.00016607720671395857,0.00016069939771987357,2.8128875047580835e-08,2.6523377075857362e-08,8.041895113369312e-05,8.565825558026543e-05,0.4011662400581795,0,0.00016607720671395857,0.0,96,-0.0032150900544731797,97197.0
2025-10-01 00:00:00+00:00,0.0002751700441566004,0.00027163907388852237,8.595372898898254e-08,1.1120139156674066e-07,7.747441082026174e-05,0.00019769563333633868,0.13123788858515545,0,0.0002751700441566004,0.0,96,0.03886570091706609,101049.0
2025-10-02 00:00:00+00:00,0.000303931003060608,0.00032656299150237615,1.0573149859144423e-07,1.3331307979003167e-07,0.00012718976279381603,0.00017674124026679193,-0.8361948560738682,0,0.000303931003060608,0.0,96,0.017354887259969587,102818.0
2025-10-03 00:00:00+00:00,0.00045086181491393797,0.00041888837619673725,7.062857371669293e-07,4.6095007697787145e-07,0.00024688709542480456,0.0002039747194891334,0.5493466146707152,0,0.00045086181491393797,0.0,96,0.011430464171782617,104000.0
2025-10-04 00:00:00+00:00,7.409587645233569e-05,6.74383592110829e-05,6.552954151790188e-09,4.907400621747444e-09,3.2990535312355926e-05,4.1105341139979736e-05,1.080326134267322,0,7.409587645233569e-05,0.0,95,-9.615846923161087e-05,103990.0
2025-10-05 00:00:00+00:00,0.0002646214295709183,0.00025495705369622275,1.6102108894885343e-07,1.125779729233061e-07,0.00012756301778258592,0.00013705841178833248,0.34843222810383645,0,0.0002646214295709183,0.0,96,0.010427224145198366,105080.0
2025-10-06 00:00:00+00:00,0.0002517137238568162,0.00024022307929092077,7.136848820242071e-08,5.440316615721072e-08,0.0001034366863724517,0.0001482770374843645,0.5731478844908737,0,0.0002517137238568162,0.0,96,0.01078103570970157,106219.0
2025-10-07 00:00:00+00:00,0.00042564531533389755,0.00028963949709489255,4.84016599605718e-07,1.792929645832063e-07,0.0002960524118638106,0.00012959290347008698,2.7441951198087753,0,0.00042564531533389755,0.0,96,-0.01967083282005966,104150.0
2025-10-08 00:00:00+00:00,0.0003790130869147006,0.0003679735482990937,2.6862286982309644e-07,1.616693840816918e-07,0.00013152000201937286,0.00024749308489532774,0.3346791236354962,0,0.0003790130869147006,0.0,96,0.017974783265756855,106039.0
2025-10-09 00:00:00+00:00,0.00039423047417344495,0.0003926042546186905,2.4469254355116107e-07,2.0516861899206303e-07,0.0002395205806601131,0.00015470989351333184,0.04489083856076213,0,0.00039423047417344495,0.0,96,-0.007962662256691289,105198.0
2025-10-10 00:00:00+00:00,0.002481477998361764,0.0019469996544841431,2.9358335898934043e-05,1.3347454486927906e-05,0.0015736040103912132,0.000907873987970551,1.4411710569359657,0,0.002481477998361764,0.0,96,-0.06626501177420785,98453.0
2025-10-11 00:00:00+00:00,0.001269356960645339,0.0011389760097906757,2.758049161031052e-06,2.046800408485101e-06,0.0005322296567995214,0.0007371273038458177,1.026683072550462,0,0.001269356960645339,0.0,96,-0.01636426219529774,96855.0
2025-10-12 00:00:00+00:00,0.000742656019504264,0.0007860745927274261,8.719058187912896e-07,9.907733018107388e-07,0.0002460493622471905,0.0004966066572570734,-0.5796871208893312,0,0.000742656019504264,0.0,96,0.026359544884391184,99442.0
2025-10-13 00:00:00+00:00,0.00042936632053519673,0.0004185432660856414,2.8263350785309744e-07,2.889917796989023e-07,0.00021344456240314554,0.00021592175813205114,0.24640452529233273,0,0.00042936632053519673,0.0,96,0.002992240487044384,99740.0
2025-10-14 00:00:00+00:00,0.0007163408907528924,0.0006924035652828997,1.0212161862305259e-06,5.858794806795769e-07,0.0003982563990361621,0.0003180844917167302,0.37952486203096775,0,0.0007163408907528924,0.0,96,-0.021750783998456313,97594.0
2025-10-15 00:00:00+00:00,0.00046985883972614666,0.00047184631866942765,2.2995717994679692e-07,2.6160174093416434e-07,0.000288297153394348,0.00018156168633179864,-0.048994190638488325,0,0.00046985883972614666,0.0,96,-0.025329893709917783,95153.0
2025-10-16 00:00:00+00:00,0.0009087669665091229,0.000800663275995931,1.2701901350729838e-06,6.921850068181579e-07,0.0005214741582571913,0.0003872928082519315,1.4373283802304395,0,0.0009087669665091229,0.0,96,-0.02789917107989126,92535.0
2025-10-17 00:00:00+00:00,0.0007742181465961157,0.0007838358622696217,8.024172161365669e-07,9.781525279345455e-07,0.00036793266657787787,0.00040628548001823777,-0.1236117126635995,0,0.0007742181465961157,0.0,96,-0.011871123982389875,91443.0
2025-10-18 00:00:00+00:00,0.00018485623659848777,0.00015880468566325593,6.147909119530031e-08,4.089645280652098e-08,9.839741837021045e-05,8.645881822827733e-05,1.3894699722924415,0,0.00018485623659848777,0.0,96,0.007473941486889402,92129.0
2025-10-19 00:00:00+00:00,0.00028208898138267884,0.00024309825336035876,1.7427034130562048e-07,9.407802545567836e-08,8.282704233436743e-05,0.0001992619390483114,1.3682591049384842,0,0.00028208898138267884,0.0,95,0.012523152138658844,93290.0
2025-10-20 00:00:00+00:00,0.0003669512346052196,0.0003761689888601395,3.1110915535793626e-07,1.8448157299096047e-07,0.00015175734449140066,0.00021519389011381894,-0.2762183095242918,0,0.0003669512346052196,0.0,96,0.017700705442187825,94956.0
2025-10-21 00:00:00+00:00,0.001206798248474893,0.0008441337462158567,5.940715163103843e-06,6.065775949411468e-07,0.00047176082794267736,0.0007350374205322158,3.7731109406453043,1,0.0008441337462158567,0.0003626645022590363,96,-0.016254651043508872,93425.0
2025-10-22 00:00:00+00:00,0.0005990291944248179,0.0006492542724049443,5.147362289283048e-07,6.188283172150989e-07,0.00028732777073021184,0.00031170142369460626,-0.8688234919324888,0,0.0005990291944248179,0.0,96,-0.007833653676787122,92696.0
2025-10-23 00:00:00+00:00,0.0004380603832764468,0.0004712133322735135,2.418144867562291e-07,2.8922041458506864e-07,0.0001865059961967174,0.00025155438707972946,-0.8325694702487819,0,0.0004380603832764468,0.0,96,0.022201442096427826,94777.0
2025-10-24 00:00:00+00:00,0.0002802250433042692,0.0002996059983395774,8.761382141009737e-08,1.1675309749156306e-07,0.00015420765537116246,0.00012601738793310672,-0.7614014941589679,0,0.0002802250433042692,0.0,96,0.0075575980015472055,95496.0
2025-10-25 00:00:00+00:00,6.890777598877494e-05,6.897093633949801e-05,4.389068840772205e-09,4.887965960025826e-09,3.241761953628804e-05,3.649015645248689e-05,-0.011352918826058182,0,6.890777598877494e-05,0.0,96,0.005347159536404078,96008.0
2025-10-26 00:00:00+00:00,0.0003343152779333775,0.00024313410676513712,4.4783047312859917e-07,8.052604497029966e-08,6.981930099867546e-05,0.00026449597693470203,2.9339711611442807,0,0.0003343152779333775,0.0,96,0.02520869654064306,98459.0
2025-10-27 00:00:00+00:00,0.00018949375642066297,0.00016438478342805374,3.9298541150063437e-08,3.152153052328942e-08,9.925536366174675e-05,9.023839275891622e-05,1.540356364798365,0,0.00018949375642066297,0.0,96,-0.005601742017303124,97909.0
2025-10-28 00:00:00+00:00,0.00048034986719463883,0.0004007989813601836,7.25353740131102e-07,2.4095616998513096e-07,0.0003455447759496133,0.00013480509124502555,1.697751511698373,0,0.00048034986719463883,0.0,96,-0.009946245435250134,96940.0
2025-10-29 00:00:00+00:00,0.0006619664844600514,0.0006803769391354992,1.3665282656150007e-06,1.5599540132781002e-06,0.00037876190282632886,0.0002832045816337224,-0.1902179063534255,0,0.0006619664844600514,0.0,96,-0.021774448333367502,94852.0
2025-10-30 00:00:00+00:00,0.0009096627611667272,0.0008316269121616154,2.592436858690669e-06,1.6586248241567483e-06,0.0005903988271027528,0.0003192639340639742,0.6955004177851627,0,0.0009096627611667272,0.0,96,-0.012913536871391074,93635.0
2025-10-31 00:00:00+00:00,0.0005689939438393331,0.0004674519133139265,4.7189787374257187e-07,1.9478877506515387e-07,0.00023676745720839544,0.0003322264866309376,2.2406158153472733,0,0.0005689939438393331,0.0,96,0.013271925811549679,94886.0
2025-11-01 00:00:00+00:00,9.189416987029711e-05,9.351657849519115e-05,1.0307146332118644e-08,1.003981921485847e-08,4.92887569779083e-05,4.260541289238881e-05,-0.20688411572221888,0,9.189416987029711e-05,0.0,96,0.00402829815589989,95269.0
2025-11-02 00:00:00+00:00,0.0001708749537767847,0.00018390977436609553,4.1591455079664164e-08,6.86410966253556e-08,7.846033591397859e-05,9.241461786280607e-05,-0.672308419580623,0,0.0001708749537767847,0.0,96,0.006142596161648584,95856.0
2025-11-03 00:00:00+00:00,0.0007242191719431314,0.0005564854235658698,1.6331226995734669e-06,4.643205405910169e-07,0.0005462918474398255,0.00017792732450330585,2.3623849278076334,0,0.0007242191719431314,0.0,95,-0.03576815896854946,92488.0
2025-11-04 00:00:00+00:00,0.0011037046632354868,0.0012099679144915465,1.5614070811245284e-06,2.4337421847440158e-06,0.0006650843017629946,0.0004386203614724922,-0.9375533468171224,0,0.0011037046632354868,0.0,96,-0.04543320667042572,88380.0
2025-11-05 00:00:00+00:00,0.0008741186653840522,0.0006769530559198115,2.340830592830426e-06,6.792145108489615e-07,0.00040164270908059845,0.0004724759563034539,2.3261892488675366,0,0.0008741186653840522,0.0,96,0.022321980776334627,90375.0
2025-11-06 00:00:00+00:00,0.0006453245311990278,0.0004907299680904201,9.638941056287118e-07,2.3092391697218272e-07,0.0004372925106438779,0.00020803202055514992,3.0077742645612204,0,0.0006453245311990278,0.0,96,-0.029772158333670973,87724.0
2025-11-07 00:00:00+00:00,0.0007111412762536387,0.0006923534979927464,6.228771771379189e-07,5.016501609245047e-07,0.00025479777712660023,0.0004563434991270386,0.32424713634110414,0,0.0007111412762536387,0.0,96,0.01743635656668019,89267.0
2025-11-08 00:00:00+00:00,0.00020705489776945844,0.00021799889201702042,4.4071854558706425e-08,4.491104565619911e-08,0.00012717907789707805,7.98758198723804e-05,-0.6636201211808761,0,0.00020705489776945844,0.0,96,-0.009759909068341344,88400.0
2025-11-09 00:00:00+00:00,0.0004083237711452803,0.00042380327621605295,3.0092816465068514e-07,3.76185396510406e-07,0.00013545237351272817,0.00027287139763255215,-0.3288856676587697,0,0.0004083237711452803,0.0,96,0.02520015400450859,90656.0
2025-11-10 00:00:00+00:00,0.00041185566141826616,0.00041413391008694934,2.1856068725950043e-07,2.3404522566080698e-07,0.00019899411228854494,0.0002128615491297213,-0.05945332964077269,0,0.00041185566141826616,0.0,96,0.011046684550334973,91663.0
2025-11-11 00:00:00+00:00,0.000391147609732829,0.000433111539448392,1.610808639002694e-07,3.074356722443421e-07,0.00022816266855407697,0.0001629849411787521,-1.052173340261031,0,0.000391147609732829,0.0,96,-0.030100607021207537,88945.0
2025-11-12 00:00:00+00:00,0.0005163535384366507,0.0005245833856538987,4.93278187505524e-07,7.369299767330856e-07,0.00032681927043166697,0.0001895342680049838,-0.12228557582188906,0,0.0005163535384366507,0.0,96,-0.013834078485940537,87723.0
2025-11-13 00:00:00+00:00,0.001029506428795227,0.0010082481452064482,1.2818149440585674e-06,8.77614999024931e-07,0.0005724705918790619,0.0004570358369161652,0.25925571024812777,0,0.001029506428795227,0.0,96,-0.02341298070362008,85693.0
2025-11-14 00:00:00+00:00,0.0014714077790126154,0.0012983314369292445,3.136606361441006e-06,1.6175925009786126e-06,0.0009322189575724987,0.0005391888214401164,1.476841397362227,0,0.0014714077790126154,0.0,96,-0.052489833233297034,81311.0
2025-11-15 00:00:00+00:00,0.0003270675565263251,0.00033143060303406573,1.260619310259513e-07,1.5867652308820133e-07,0.00014705381639611457,0.00018001374013021048,-0.13935348767243796,0,0.0003270675565263251,0.0,96,0.01176167705881248,82273.0
2025-11-16 00:00:00+00:00,0.0006242556938316851,0.0005885579178896317,7.064457350246597e-07,7.419729291322787e-07,0.00033851113354081274,0.0002857445602908724,0.4905722985234444,0,0.0006242556938316851,0.0,96,-0.015248211861628391,81028.0
2025-11-17 00:00:00+00:00,0.0008475780188392076,0.0008083208647071678,1.040533623650444e-06,8.851000110641187e-07,0.000446565441400792,0.00040101257743841557,0.4996385523342704,0,0.0008475780188392076,0.0,96,-0.020838114108826744,79357.0
2025-11-18 00:00:00+00:00,0.0010949497828164647,0.0011599113970756473,1.1444020277052547e-06,1.3030169848075092e-06,0.00046774174351028576,0.0006272080393061788,-0.7409996281492611,0,0.0010949497828164647,0.0,95,0.010903456727142213,80227.0
2025-11-19 00:00:00+00:00,0.0009495697401911091,0.0009266032690823495,1.003905126175207e-06,1.2778234691103286e-06,0.0005062572987365684,0.0004433124414545404,0.24891725206464893,0,0.0009495697401911091,0.0,96,-0.01193729614546335,79275.0
2025-11-20 00:00:00+00:00,0.0014951894336248377,0.001467479476478019,3.021022296233768e-06,2.2525530820622714e-06,0.0009873382451951358,0.0005078511884297017,0.22751149871797174,0,0.0014951894336248377,0.0,96,-0.055154746080784633,75021.0
2025-11-21 00:00:00+00:00,0.0029805882383560902,0.0024466776924661118,2.113598471065118e-05,5.574483536476981e-06,0.0012802265109754887,0.0017003617273806018,2.24903240615949,0,0.0029805882383560902,0.0,96,-0.01496052827726757,73907.0
2025-11-22 00:00:00+00:00,0.0005255585762481319,0.0004382030882402894,3.491828727972406e-07,1.7709975360440602e-07,0.00029552117167212165,0.00023003740457601016,2.0868837826782767,0,0.0005255585762481319,0.0,96,-0.004094587856382503,73605.0
2025-11-23 00:00:00+00:00,0.0005545600677242524,0.0005540442052546372,3.6482636651943334e-07,2.935795533099132e-07,0.00025636168127303054,0.00029819838645122183,0.011679238742738775,0,0.0005545600677242524,0.0,96,0.025300485641473358,75491.0
2025-11-24 00:00:00+00:00,0.001067327300411886,0.0009617556196622905,1.4671269587622124e-06,1.2489993846531436e-06,0.00044624771594931094,0.000621079584462575,1.0687167975802807,0,0.001067327300411886,0.0,96,0.015275299643713325,76653.0
2025-11-25 00:00:00+00:00,0.0006309514890975216,0.0006176600306873645,4.3900414998582847e-07,4.258379653449223e-07,0.00035515253389759043,0.0002757989551999312,0.2503416866979372,0,0.0006309514890975216,0.0,96,-0.014573475534396252,75544.0
2025-11-26 00:00:00+00:00,0.0006750039811154736,0.0006441067358322874,8.186231424688506e-07,7.489839146108301e-07,0.0002512166669391686,0.0004237873141763051,0.4277245904923471,0,0.0006750039811154736,0.0,96,0.032237118809248955,78019.0
2025-11-27 00:00:00+00:00,0.0002840400740955095,0.00023521055410037015,1.0860361998334336e-07,8.784563235627526e-08,0.0001338371686869974,0.0001502029054085121,1.7128871584826286,0,0.0002840400740955095,0.0,96,0.00960521699993322,78772.0
2025-11-28 00:00:00+00:00,0.000627244452273084,0.0005911672929308593,8.37254620561981e-07,6.721600959983959e-07,0.00038776087019136505,0.00023948358208171898,0.5207133810761994,0,0.000627244452273084,0.0,96,-0.004312846607525955,78433.0
2025-11-29 00:00:00+00:00,0.00012485409383861226,0.00011542559000919112,1.8917379897876333e-08,1.357878075995497e-08,6.662075154686949e-05,5.82333422917428e-05,0.9391628545018657,0,0.00012485409383861226,0.0,96,-0.0006632061156022218,78381.0
2025-11-30 00:00:00+00:00,0.00019310333357228728,0.0001529182080570013,5.048734174465488e-08,2.098919686685876e-08,0.00010825245865475329,8.4850874917534e-05,2.6127915050548167,0,0.00019310333357228728,0.0,96,-0.005796227578166224,77928.0
2025-12-01 00:00:00+00:00,0.0015437616480034168,0.001720843241429846,4.056624645611139e-06,6.429471756849362e-06,0.0009914467070674768,0.0005523149409359398,-0.9774083281029865,0,0.0015437616480034168,0.0,96,-0.0469613016791417,74353.0
2025-12-02 00:00:00+00:00,0.0009057259713100928,0.0008898972556925876,2.877510008896027e-06,1.420373930885319e-06,0.00024077390381592185,0.000664952067494171,0.16383873036522636,0,0.0009057259713100928,0.0,96,0.05445293104650162,78514.0
2025-12-03 00:00:00+00:00,0.0008624296367979406,0.0008658877101052583,1.8581450332987483e-06,2.5033290007589775e-06,0.00046974994613823074,0.0003926796906597099,-0.02740744283811647,0,0.0008624296367979406,0.0,95,0.019961447353390227,80097.0
2025-12-04 00:00:00+00:00,0.0006446561803260029,0.0005151679587268839,7.717385816973752e-07,3.282072641211218e-07,0.00032655787543542445,0.00031809830489057844,2.267806848447375,0,0.0006446561803260029,0.0,96,-0.012576095594573289,79096.0
2025-12-05 00:00:00+00:00,0.0006333707497802243,0.00065172757996838,9.643697589511585e-07,8.153458307590286e-07,0.00042113119869501,0.0002122395510852142,-0.26264192775294537,0,0.0006333707497802243,0.0,96,-0.02901505407429461,76834.0
2025-12-06 00:00:00+00:00,0.00015230735995519387,0.00015818521386999618,2.9490039049358513e-08,3.624692620625197e-08,7.199740693015791e-05,8.030995302503598e-05,-0.4025848146375311,0,0.00015230735995519387,0.0,96,-0.0009505518473460484,76761.0
2025-12-07 00:00:00+00:00,0.0007252214777301003,0.0006429184452686271,9.708933955262524e-07,6.044542271084074e-07,0.00033932520786338554,0.0003858962698667149,1.10872132218841,0,0.0007252214777301003,0.0,85,0.01211994791641402,77697.0
2025-12-08 00:00:00+00:00,0.0004181501506042685,0.0004139480910734725,2.3219268503784299e-07,2.5884680599816413e-07,0.00023415640740654094,0.00018399374319772761,0.10265583019712068,0,0.0004181501506042685,0.0,96,0.0027633380692932974,77912.0
2025-12-09 00:00:00+00:00,0.0007281897031430487,0.000635218967253366,1.0575121487724067e-06,1.557595232129689e-06,0.0002540053453370657,0.0004741843578059831,0.8158814990238722,0,0.0007281897031430487,0.0,96,0.02246372870404123,79682.0
2025-12-10 00:00:00+00:00,0.000678490907422454,0.0005583948127861844,2.129699122865785e-06,6.787005460410449e-07,0.0004007325171483503,0.0002777583902741037,1.5063168224509373,0,0.000678490907422454,0.0,96,-0.012985226919212778,78654.0
2025-12-11 00:00:00+00:00,0.0008476559653012363,0.0008187559211453011,9.65314681888482e-07,9.224571967740362e-07,0.0004065612828781814,0.00044109468242305497,0.36491307368237036,0,0.0008476559653012363,0.0,96,0.002057535494399687,78816.0
2025-12-12 00:00:00+00:00,0.0006374541148307692,0.0006502128718475401,1.1772709838163945e-06,1.096632697467401e-06,0.00046159603092161834,0.0001758580839091508,-0.15603197382462664,0,0.0006374541148307692,0.0,96,-0.023544393645794415,76982.0
2025-12-13 00:00:00+00:00,6.096307320696076e-05,6.130527882539352e-05,8.882130017631545e-09,5.5875036515679894e-09,3.3925916248480703e-05,2.7037156958480053e-05,-0.057801411366551154,0,6.096307320696076e-05,0.0,96,-0.000584723150256039,76937.0
2025-12-14 00:00:00+00:00,0.00025183180745203795,0.00025536235785787075,1.5790837866018773e-07,1.1632464884622318e-07,0.0001677625939098806,8.406921354215738e-05,-0.1317898718736531,0,0.00025183180745203795,0.0,96,-0.023394340849744566,75158.0
2025-12-15 00:00:00+00:00,0.0006736914672422934,0.0006550666476465095,1.5136305919740865e-06,1.494343881819516e-06,0.00046757590143769984,0.00020611556580459354,0.18600320972655643,0,0.0006736914672422934,0.0,96,-0.021518353615336494,73558.0
2025-12-16 00:00:00+00:00,0.0004938231491102501,0.00043782754861471654,4.39502862916234e-07,2.7307069369885355e-07,0.00020154894634574037,0.00029227420276450964,1.1928262742278974,0,0.0004938231491102501,0.0,96,0.016155265931061535,74756.0
2025-12-17 00:00:00+00:00,0.0015782272724757195,0.0013515891020355328,1.4320246971602679e-05,4.039278834961087e-06,0.0007809457340519561,0.0007972815384237633,1.2125104031989111,0,0.0015782272724757195,0.0,96,-0.01814206661183171,73412.0
2025-12-18 00:00:00+00:00,0.0014564430112278602,0.0012687574612708355,5.338627583124541e-06,3.021973655767393e-06,0.0008548210139978921,0.0006016219972299679,1.1746973717963507,0,0.0014564430112278602,0.0,95,-0.006998770981612168,72900.0
2025-12-19 00:00:00+00:00,0.0007491821154757242,0.0008144521468781249,8.129331717635634e-07,7.279151377462218e-07,0.0002649652808796624,0.00048421683459606184,-1.0441930891678206,0,0.0007491821154757242,0.0,96,0.03131521960259498,75219.0
2025-12-20 00:00:00+00:00,5.9131744706558715e-05,6.519145544802152e-05,4.4168902205591495e-09,6.1198821238131385e-09,2.8434329801400114e-05,3.0697414905158605e-05,-1.0722092420680782,0,5.9131744706558715e-05,0.0,96,0.0030265643747320325,75447.0
2025-12-21 00:00:00+00:00,0.00015716639081309074,0.00014368518239001022,3.448916220893662e-08,4.4659262411509994e-08,8.3043375387159e-05,7.412301542593175e-05,0.7322418572696372,0,0.00015716639081309074,0.0,96,0.0027531089115946372,75655.0
2025-12-22 00:00:00+00:00,0.000585055928628331,0.000504058564056191,5.296792160113595e-07,2.2958893520652956e-07,0.00032008462935223384,0.00026497129927609714,1.7382118292020354,0,0.000585055928628331,0.0,96,-0.004876054764448412,75287.0
2025-12-23 00:00:00+00:00,0.000411102937099541,0.00038329784722955225,2.9951506160286326e-07,1.681504389713677e-07,0.0002603414985289229,0.0001507614385706182,0.7937619895750558,0,0.000411102937099541,0.0,96,-0.015473678746255715,74131.0
2025-12-24 00:00:00+00:00,0.00021825852044601689,0.00020460705922170356,7.604909295463767e-08,4.985587206965168e-08,0.0001089934877664608,0.00010926503267955607,0.7196139689036487,0,0.00021825852044601689,0.0,96,0.0036490248053393515,74402.0
2025-12-25 00:00:00+00:00,0.00016331488065423342,0.0001486880317177512,6.483369599432585e-08,4.5045876218687236e-08,9.666229764007435e-05,6.66525830141591e-05,0.7877759325634601,0,0.00016331488065423342,0.0,96,-0.004742282484361482,74050.0
2025-12-26 00:00:00+00:00,0.0005841920227841436,0.0006046543007070304,1.0493935632490515e-06,1.080791867045714e-06,0.00033047351793904654,0.000253718504845097,-0.2557782821866482,0,0.0005841920227841436,0.0,96,0.0019292653866234133,74193.0
2025-12-27 00:00:00+00:00,3.6061727281973834e-05,3.313680764979135e-05,2.8726164822757393e-09,2.9631371591900532e-09,1.532204202531414e-05,2.0739685256659694e-05,0.6199139359491188,0,3.6061727281973834e-05,0.0,96,0.00505506514676668,74569.0
2025-12-28 00:00:00+00:00,5.7457778654916385e-05,5.2439639070025174e-05,5.6370058361365395e-09,2.463642340327565e-09,2.7046623163350093e-05,3.0411155491566292e-05,1.0965365264326625,0,5.7457778654916385e-05,0.0,96,0.0005898835151150195,74613.0
2025-12-29 00:00:00+00:00,0.000555001597665766,0.0004146927062197318,1.0768502484539243e-06,2.336420402601569e-07,0.0003179081033451107,0.0002370934943206553,2.7231468330408144,0,0.000555001597665766,0.0,96,-0.007938899039006131,74023.0
2025-12-30 00:00:00+00:00,0.0002945206026701636,0.00024166902049513472,2.7433793864536286e-07,6.80480738642641e-08,0.00010774178569173973,0.00018677881697842392,2.0872985589950384,0,0.0002945206026701636,0.0,96,0.01644004790567699,75250.0
2025-12-31 00:00:00+00:00,0.0001541915925586701,0.00013839280640243591,3.755679975830461e-08,3.149750951370373e-08,9.386794089998744e-05,6.0323651658682655e-05,1.0031540536875587,0,0.0001541915925586701,0.0,96,-0.010419543906429851,74470.0
2026-01-01 00:00:00+00:00,5.692272772562722e-05,5.264188681781533e-05,4.1331207280319814e-09,3.1413536486093738e-09,1.9213761338752686e-05,3.7708966386874534e-05,0.8868406951010057,0,5.692272772562722e-05,0.0,96,0.013987920501596918,75519.0
2026-01-02 00:00:00+00:00,0.0003564109335438991,0.00039506750956500475,1.919434327560244e-07,3.212975139885421e-07,0.0001328787675267225,0.00022353216601717662,-0.9441595303815508,0,0.0003564109335438991,0.0,95,0.016768275239757102,76796.0
2026-01-03 00:00:00+00:00,0.00010354590088568101,0.00010649078900779517,1.578513805009019e-08,1.182420342774275e-08,5.062244045040037e-05,5.292346043528063e-05,-0.34969641907335575,0,0.00010354590088568101,0.0,96,0.007640407900813884,77385.0
2026-01-04 00:00:00+00:00,0.0001946422131595442,0.00016127974581047453,1.499408755909463e-07,2.6870476805823356e-08,7.044774048653224e-05,0.000124194472673012,2.117349101289415,0,0.0001946422131595442,0.0,96,0.010476684186542684,78200.0
2026-01-05 00:00:00+00:00,0.00038072431745508884,0.00034660831864232996,2.1864631463694722e-07,1.7266603907601793e-07,0.00011908837880587403,0.00026163593864921486,0.9384522709540511,0,0.00038072431745508884,0.0,96,0.024717563935251263,80157.0
2026-01-06 00:00:00+00:00,0.00047020344974918937,0.0004737107485197865,4.037455429391838e-07,2.900163382764906e-07,0.0002596252542665759,0.00021057819548261344,-0.0823793110993772,0,0.00047020344974918937,0.0,96,0.0005363033859531185,80200.0
2026-01-07 00:00:00+00:00,0.0002871903852480942,0.0002675474443632702,9.509745790141014e-08,9.381244737669785e-08,0.0001957843447439551,9.140604050413913e-05,0.7501297411522284,0,0.0002871903852480942,0.0,96,-0.025189930746265077,78205.0
2026-01-08 00:00:00+00:00,0.0003832381955785547,0.000415650465781586,1.6328933636629715e-07,2.04805378045456e-07,0.00019182905680500977,0.00019140913877354493,-0.9752758147333973,0,0.0003832381955785547,0.0,96,-0.0010618768069381446,78122.0
2026-01-09 00:00:00+00:00,0.0006654310838193127,0.0005512514713127676,2.341234186373151e-06,4.0447759828194254e-07,0.0002697251062331763,0.0003957059775861363,1.8673133543222575,0,0.0006654310838193127,0.0,96,-0.0035391912199305153,77846.0
2026-01-10 00:00:00+00:00,2.8185105099588058e-05,3.025586809177232e-05,1.069598906432482e-09,1.5609440525283816e-09,1.6353253371817644e-05,1.183185172777042e-05,-0.7064084458271419,0,2.8185105099588058e-05,0.0,96,-0.0007453384566993293,77788.0
2026-01-11 00:00:00+00:00,5.4224835615035745e-05,5.391803504765479e-05,4.228480732248451e-09,4.318091970652423e-09,2.6684677571496544e-05,2.754015804353919e-05,0.058287472602694256,0,5.4224835615035745e-05,0.0,96,0.005410338970882833,78210.0
2026-01-12 00:00:00+00:00,0.000482435338519729,0.0004427627411591142,4.947250701725605e-07,2.1895539286057373e-07,0.00027092882055240524,0.0002115065179673238,0.9769536591055891,0,0.000482435338519729,0.0,96,-0.000306913222695826,78186.0
2026-01-13 00:00:00+00:00,0.0005674775221691311,0.00042353516386833953,1.9582572556659945e-06,2.3439820881920198e-07,0.00010059890520499936,0.00046687861696413175,2.7860023366047564,0,0.0005674775221691311,0.0,96,0.04631070259950931,81892.0
2026-01-14 00:00:00+00:00,0.0005123417787197881,0.0005565083939836978,3.183112652357621e-07,4.569038581799978e-07,0.000186211287900937,0.0003261304908188511,-0.8910926272654943,0,0.0005123417787197881,0.0,96,0.01672306098923393,83273.0
2026-01-15 00:00:00+00:00,0.00048772601899225944,0.00041103996987636545,6.296243834489718e-07,2.3163191913467852e-07,0.0002801896310515993,0.00020753638794066023,1.6859880355174435,0,0.00048772601899225944,0.0,96,-0.011121624069167169,82352.0
2026-01-16 00:00:00+00:00,0.00021999247403358275,0.0002149762835959597,1.2477952012527412e-07,5.370097257929875e-08,0.0001283047116682301,9.168776236535263e-05,0.26557969303487705,0,0.00021999247403358275,0.0,96,0.0,82352.0
2026-01-17 00:00:00+00:00,2.3912352889674795e-05,1.9459094870009328e-05,8.504260717228635e-10,3.710851302044653e-10,1.2685340875857546e-05,1.1227012013817246e-05,2.3260065369589804,0,2.3912352889674795e-05,0.0,95,-0.0030647264520169415,82100.0
2026-01-18 00:00:00+00:00,0.0001805868623997064,0.00014677402152712932,2.2808766265537815e-07,1.655235733210709e-07,0.00015851606304679013,2.2070799352916277e-05,0.8480939649369547,0,0.0001805868623997064,0.0,96,-0.018588261404719475,80588.0
2026-01-19 00:00:00+00:00,0.0002709201913810241,0.00015964898201546908,6.801609236660817e-07,4.126322887882884e-08,0.000211360177982306,5.956001339871807e-05,4.0528000810193925,1,0.00015964898201546908,0.00011127120936555503,96,-0.013114860171590692,79538.0
2026-01-20 00:00:00+00:00,0.0005910698152630245,0.0005099696839415009,7.113845716480443e-07,3.057110286008044e-07,0.00044837722752505703,0.00014269258773796733,1.5889154198726132,0,0.0005910698152630245,0.0,96,-0.05442280986570758,75325.0
2026-01-21 00:00:00+00:00,0.001166310269469223,0.0008504904665313293,4.542493195772596e-06,1.3426287840944676e-06,0.0005435059799793124,0.0006228042894899105,2.4954330859606975,0,0.001166310269469223,0.0,96,0.016680547633788123,76592.0
2026-01-22 00:00:00+00:00,0.00032158822392761824,0.00031104985671771005,1.9855626345695182e-07,1.5444334292321128e-07,0.00019598466455159955,0.00012560355937601866,0.32564753615758174,0,0.00032158822392761824,0.0,96,-0.005984552357457318,76135.0
2026-01-23 00:00:00+00:00,0.00042259411921422485,0.0003583471110836113,4.0719527025951744e-07,1.4234200298457506e-07,0.00021066918870897404,0.00021192493050525079,1.8129925839097027,0,0.00042259411921422485,0.0,96,-0.005452547488330239,75721.0
2026-01-24 00:00:00+00:00,3.68087281338711e-05,3.5728515330375046e-05,1.6815108419528944e-09,1.660359867591008e-09,2.041705862066195e-05,1.639166951320915e-05,0.32307366811995586,0,3.68087281338711e-05,0.0,96,-0.00455334411235242,75377.0
2026-01-25 00:00:00+00:00,0.00038983828881477395,0.0003545866779609703,3.9359696032273614e-07,2.0122289985701915e-07,0.00028594358749049997,0.00010389470132427402,0.8974440565347881,0,0.00038983828881477395,0.0,96,-0.03180989794286582,73017.0
2026-01-26 00:00:00+00:00,0.0005784059259369612,0.0004761030058294289,9.058994520106092e-07,4.304219935597956e-07,0.0002786674823065023,0.0002997384436304587,1.611529240044157,0,0.0005784059259369612,0.0,96,0.0179568741199585,74340.0
2026-01-27 00:00:00+00:00,0.0004312145708897334,0.0003219438582941206,3.762509807346381e-07,1.1920658839287796e-07,0.000255382666761528,0.00017583190412820535,2.966672188493545,0,0.0004312145708897334,0.0,96,-0.0026535039781130365,74143.0
2026-01-28 00:00:00+00:00,0.0003931758065746409,0.00037670339758446865,2.2034333394541402e-07,1.691707452523635e-07,0.00020044273207861092,0.00019273307449602992,0.4817663180590622,0,0.0003931758065746409,0.0,96,0.004172392927518587,74453.0
2026-01-29 00:00:00+00:00,0.0010061396440489562,0.0009330740964934986,4.1106321246238475e-06,3.20972093964892e-06,0.0007962989571854662,0.00020984068686348992,0.4748605315761301,0,0.0010061396440489562,0.0,96,-0.052500718600740015,70645.0
2026-01-30 00:00:00+00:00,0.0014302906884506692,0.0015323761946876274,7.723625236604747e-06,4.726192559259122e-06,0.0008447854439420613,0.0005855052445086077,-0.6316531458648343,0,0.0014302906884506692,0.0,96,0.005054794452016509,71003.0
2026-01-31 00:00:00+00:00,0.001205437799750262,0.0012210454222223944,4.624112392380175e-06,2.4746506823046225e-06,0.0008901782287822042,0.0003152595709680578,-0.12618159452103578,0,0.001205437799750262,0.0,96,-0.06463335730815878,66559.0
2026-02-01 00:00:00+00:00,0.0013136697171285915,0.0013086403701845742,2.184929198649284e-06,1.9438725289089506e-06,0.0006654456116005995,0.000648224105527992,0.045117084482690105,0,0.0013136697171285915,0.0,96,-0.02493302971523903,64920.0
